Name, Sequence, Circular/Linear,,,,
RBS_BA4_2729,TTTAAGAGGGGGCTATACAT,linear,,,,
RBS_BA4_2721,TTTAAGAGGGGACTATACAT,linear,,,,
RBS_BA4_162,TTTAAGAAAGGAGTATACAT,linear,,,,
RBS_BA4_3258,TTTAAGATAGTGGTATACAT,linear,,,,
RBS_BA4_2731,TTTAAGAGGGGGTTATACAT,linear,,,,
RBS_BA4_2657,TTTAAGAGGCGACTATACAT,linear,,,,
RBS_BA4_186,TTTAAGAAAGTGGTATACAT,linear,,,,
RBS_BA4_3233,TTTAAGATAGGACTATACAT,linear,,,,
RBS_BA4_2733,TTTAAGAGGGGTCTATACAT,linear,,,,
RBS_BA4_2720,TTTAAGAGGGGAATATACAT,linear,,,,
RBS_BA4_627,TTTAAGAAGCTATTATACAT,linear,,,,
RBS_BA4_2662,TTTAAGAGGCGCGTATACAT,linear,,,,
RBS_BA4_2661,TTTAAGAGGCGCCTATACAT,linear,,,,
RBS_BA4_2234,TTTAAGAGAGTGGTATACAT,linear,,,,
RBS_BA4_2746,TTTAAGAGGGTGGTATACAT,linear,,,,
RBS_BA4_2669,TTTAAGAGGCGTCTATACAT,linear,,,,
RBS_BA4_2732,TTTAAGAGGGGTATATACAT,linear,,,,
RBS_BA4_161,TTTAAGAAAGGACTATACAT,linear,,,,
RBS_BA4_2672,TTTAAGAGGCTAATATACAT,linear,,,,
RBS_BA4_2210,TTTAAGAGAGGAGTATACAT,linear,,,,
RBS_BA4_2668,TTTAAGAGGCGTATATACAT,linear,,,,
RBS_BA4_49,TTTAAGAAAATACTATACAT,linear,,,,
RBS_BA4_2440,TTTAAGAGCGAGATATACAT,linear,,,,
RBS_BA4_2725,TTTAAGAGGGGCCTATACAT,linear,,,,
RBS_BA4_1416,TTTAAGACCGAGATATACAT,linear,,,,
RBS_BA4_2656,TTTAAGAGGCGAATATACAT,linear,,,,
RBS_BA4_2734,TTTAAGAGGGGTGTATACAT,linear,,,,
RBS_BA4_497,TTTAAGAACTTACTATACAT,linear,,,,
RBS_BA4_2186,TTTAAGAGAGAGGTATACAT,linear,,,,
RBS_BA4_634,TTTAAGAAGCTGGTATACAT,linear,,,,
RBS_BA4_2726,TTTAAGAGGGGCGTATACAT,linear,,,,
RBS_BA4_25,TTTAAGAAAACGCTATACAT,linear,,,,
RBS_BA4_674,TTTAAGAAGGGAGTATACAT,linear,,,,
RBS_BA4_394,TTTAAGAACGAGGTATACAT,linear,,,,
RBS_BA4_610,TTTAAGAAGCGAGTATACAT,linear,,,,
RBS_BA4_3253,TTTAAGATAGTCCTATACAT,linear,,,,
RBS_BA4_138,TTTAAGAAAGAGGTATACAT,linear,,,,
RBS_BA4_609,TTTAAGAAGCGACTATACAT,linear,,,,
RBS_BA4_1442,TTTAAGACCGGAGTATACAT,linear,,,,
RBS_BA4_418,TTTAAGAACGGAGTATACAT,linear,,,,
RBS_BA4_698,TTTAAGAAGGTGGTATACAT,linear,,,,
RBS_BA4_2805,TTTAAGAGGTTCCTATACAT,linear,,,,
RBS_BA4_3232,TTTAAGATAGGAATATACAT,linear,,,,
RBS_BA4_2170,TTTAAGAGACTGGTATACAT,linear,,,,
RBS_BA4_1674,TTTAAGACGGAGGTATACAT,linear,,,,
RBS_BA4_2801,TTTAAGAGGTTACTATACAT,linear,,,,
RBS_BA4_2810,TTTAAGAGGTTGGTATACAT,linear,,,,
RBS_BA4_3257,TTTAAGATAGTGCTATACAT,linear,,,,
RBS_BA4_2680,TTTAAGAGGCTGATATACAT,linear,,,,
RBS_BA4_682,TTTAAGAAGGGGGTATACAT,linear,,,,
RBS_BA4_3208,TTTAAGATAGAGATATACAT,linear,,,,
RBS_BA4_51,TTTAAGAAAATATTATACAT,linear,,,,
RBS_BA4_496,TTTAAGAACTTAATATACAT,linear,,,,
RBS_BA4_2806,TTTAAGAGGTTCGTATACAT,linear,,,,
RBS_BA4_3254,TTTAAGATAGTCGTATACAT,linear,,,,
RBS_BA4_2665,TTTAAGAGGCGGCTATACAT,linear,,,,
RBS_BA4_673,TTTAAGAAGGGACTATACAT,linear,,,,
RBS_BA4_2800,TTTAAGAGGTTAATATACAT,linear,,,,
RBS_BA4_1705,TTTAAGACGGGGCTATACAT,linear,,,,
RBS_BA4_14,TTTAAGAAAAATGTATACAT,linear,,,,
RBS_BA4_27,TTTAAGAAAACGTTATACAT,linear,,,,
RBS_BA4_930,TTTAAGAATGGAGTATACAT,linear,,,,
RBS_BA4_58,TTTAAGAAAATGGTATACAT,linear,,,,
RBS_BA4_1697,TTTAAGACGGGACTATACAT,linear,,,,
RBS_BA4_160,TTTAAGAAAGGAATATACAT,linear,,,,
RBS_BA4_48,TTTAAGAAAATAATATACAT,linear,,,,
RBS_BA4_501,TTTAAGAACTTCCTATACAT,linear,,,,
RBS_BA4_681,TTTAAGAAGGGGCTATACAT,linear,,,,
RBS_BA4_181,TTTAAGAAAGTCCTATACAT,linear,,,,
RBS_BA4_3235,TTTAAGATAGGATTATACAT,linear,,,,
RBS_BA4_2809,TTTAAGAGGTTGCTATACAT,linear,,,,
RBS_BA4_3687,TTTAAGATGCGCTTATACAT,linear,,,,
RBS_BA4_499,TTTAAGAACTTATTATACAT,linear,,,,
RBS_BA4_12,TTTAAGAAAAATATATACAT,linear,,,,
RBS_BA4_2670,TTTAAGAGGCGTGTATACAT,linear,,,,
RBS_BA4_2209,TTTAAGAGAGGACTATACAT,linear,,,,
RBS_BA4_614,TTTAAGAAGCGCGTATACAT,linear,,,,
RBS_BA4_2741,TTTAAGAGGGTCCTATACAT,linear,,,,
RBS_BA4_2977,TTTAAGAGTGGACTATACAT,linear,,,,
RBS_BA4_613,TTTAAGAAGCGCCTATACAT,linear,,,,
RBS_BA4_1184,TTTAAGACAGGAATATACAT,linear,,,,
RBS_BA4_3681,TTTAAGATGCGACTATACAT,linear,,,,
RBS_BA4_241,TTTAAGAAATTACTATACAT,linear,,,,
RBS_BA4_19,TTTAAGAAAACATTATACAT,linear,,,,
RBS_BA4_10,TTTAAGAAAAAGGTATACAT,linear,,,,
RBS_BA4_15,TTTAAGAAAAATTTATACAT,linear,,,,
RBS_BA4_26,TTTAAGAAAACGGTATACAT,linear,,,,
RBS_BA4_185,TTTAAGAAAGTGCTATACAT,linear,,,,
RBS_BA4_16,TTTAAGAAAACAATATACAT,linear,,,,
RBS_BA4_502,TTTAAGAACTTCGTATACAT,linear,,,,
