,bandit
1,TTTAAGACGCGATTATACAT
2,TTTAAGAGGGGCGTATACAT
3,TTTAAGAGGTTAGTATACAT
4,TTTAAGAGGGGGGTATACAT
5,TTTAAGACGTCTGTATACAT
6,TTTAAGAGTCGTTTATACAT
7,TTTAAGAAGCGGGTATACAT
8,TTTAAGACGTCCTTATACAT
9,TTTAAGACCGTTATATACAT
10,TTTAAGAGCGTTGTATACAT
11,TTTAAGAGGGGTTTATACAT
12,TTTAAGAGGGCGGTATACAT
13,TTTAAGACGGGCGTATACAT
14,TTTAAGAGGCGGGTATACAT
15,TTTAAGAGCGGGCTATACAT
16,TTTAAGAGTTAAGTATACAT
17,TTTAAGATCCGTTTATACAT
18,TTTAAGAGCGCGTTATACAT
19,TTTAAGAAAGCGTTATACAT
20,TTTAAGACGGGTTTATACAT
21,TTTAAGACGCGGGTATACAT
22,TTTAAGAGTTATGTATACAT
23,TTTAAGACGTAGCTATACAT
24,TTTAAGAAGCGCGTATACAT
25,TTTAAGACGTTACTATACAT
26,TTTAAGAGGGCGTTATACAT
27,TTTAAGAAGCGTCTATACAT
28,TTTAAGAGGCGCGTATACAT
29,TTTAAGAGCGTCCTATACAT
30,TTTAAGAGGCGTCTATACAT
31,TTTAAGACGGCGGTATACAT
32,TTTAAGACGCGCGTATACAT
33,TTTAAGAGCGCGCTATACAT
34,TTTAAGATCGTTATATACAT
35,TTTAAGAAAGCGCTATACAT
36,TTTAAGACGGGGCTATACAT
37,TTTAAGAGGGGGCTATACAT
38,TTTAAGAACGTTATATACAT
39,TTTAAGAGGGTTATATACAT
40,TTTAAGACGCGTCTATACAT
41,TTTAAGACGTTAATATACAT
42,TTTAAGACGTTTATATACAT
43,TTTAAGACGGCGTTATACAT
44,TTTAAGAAGCGTATATACAT
45,TTTAAGAGGGCGCTATACAT
46,TTTAAGAAGCGGCTATACAT
47,TTTAAGACGTTATTATACAT
48,TTTAAGACGGTTATATACAT
49,TTTAAGAGGCGTATATACAT
50,TTTAAGAGGCGGCTATACAT
51,TTTAAGACGCGTATATACAT
52,TTTAAGACGGCGCTATACAT
53,TTTAAGACGCGGCTATACAT
54,TTTAAGACGTTAGTATACAT
55,TTTAAGAGTTAGCTATACAT
56,TTTAAGAGCGTTATATACAT
57,TTTAAGAAGCGTTTATACAT
58,TTTAAGAGGCGTTTATACAT
59,TTTAAGACGCGTTTATACAT
60,TTTAAGAGTTAGCTATACAT
