RBS,Group,RBS6
TTTAAGAAGGAGATATACAT,bps,AGGAGA
CTTAAGAAGGAGATATACAT,bps,AGGAGA
GTTAAGAAGGAGATATACAT,bps,AGGAGA
ATTAAGAAGGAGATATACAT,bps,AGGAGA
TCTAAGAAGGAGATATACAT,bps,AGGAGA
TGTAAGAAGGAGATATACAT,bps,AGGAGA
TATAAGAAGGAGATATACAT,bps,AGGAGA
TTCAAGAAGGAGATATACAT,bps,AGGAGA
TTGAAGAAGGAGATATACAT,bps,AGGAGA
TTAAAGAAGGAGATATACAT,bps,AGGAGA
TTTCAGAAGGAGATATACAT,bps,AGGAGA
TTTGAGAAGGAGATATACAT,bps,AGGAGA
TTTTAGAAGGAGATATACAT,bps,AGGAGA
TTTACGAAGGAGATATACAT,bps,AGGAGA
TTTAGGAAGGAGATATACAT,bps,AGGAGA
TTTATGAAGGAGATATACAT,bps,AGGAGA
TTTAACAAGGAGATATACAT,bps,AGGAGA
TTTAAAAAGGAGATATACAT,bps,AGGAGA
TTTAATAAGGAGATATACAT,bps,AGGAGA
TTTAAGCAGGAGATATACAT,bps,AGGAGA
TTTAAGGAGGAGATATACAT,bps,AGGAGA
TTTAAGTAGGAGATATACAT,bps,AGGAGA
TTTAAGACGGAGATATACAT,bps,CGGAGA
TTTAAGAGGGAGATATACAT,bps,GGGAGA
TTTAAGATGGAGATATACAT,bps,TGGAGA
TTTAAGAACGAGATATACAT,bps,ACGAGA
TTTAAGAAAGAGATATACAT,bps,AAGAGA
TTTAAGAATGAGATATACAT,bps,ATGAGA
TTTAAGAAGCAGATATACAT,bps,AGCAGA
TTTAAGAAGAAGATATACAT,bps,AGAAGA
TTTAAGAAGTAGATATACAT,bps,AGTAGA
TTTAAGAAGGCGATATACAT,bps,AGGCGA
TTTAAGAAGGGGATATACAT,bps,AGGGGA
TTTAAGAAGGTGATATACAT,bps,AGGTGA
TTTAAGAAGGACATATACAT,bps,AGGACA
TTTAAGAAGGAAATATACAT,bps,AGGAAA
TTTAAGAAGGATATATACAT,bps,AGGATA
TTTAAGAAGGAGCTATACAT,bps,AGGAGC
TTTAAGAAGGAGGTATACAT,bps,AGGAGG
TTTAAGAAGGAGTTATACAT,bps,AGGAGT
TTTAAGAAGGAGACATACAT,bps,AGGAGA
TTTAAGAAGGAGAGATACAT,bps,AGGAGA
TTTAAGAAGGAGAAATACAT,bps,AGGAGA
TTTAAGAAGGAGATCTACAT,bps,AGGAGA
TTTAAGAAGGAGATGTACAT,bps,AGGAGA
TTTAAGAAGGAGATTTACAT,bps,AGGAGA
TTTAAGAAGGAGATACACAT,bps,AGGAGA
TTTAAGAAGGAGATAGACAT,bps,AGGAGA
TTTAAGAAGGAGATAAACAT,bps,AGGAGA
TTTAAGAAGGAGATATCCAT,bps,AGGAGA
TTTAAGAAGGAGATATGCAT,bps,AGGAGA
TTTAAGAAGGAGATATTCAT,bps,AGGAGA
TTTAAGAAGGAGATATAAAT,bps,AGGAGA
TTTAAGAAGGAGATATAGAT,bps,AGGAGA
TTTAAGAAGGAGATATATAT,bps,AGGAGA
TTTAAGAAGGAGATATACCT,bps,AGGAGA
TTTAAGAAGGAGATATACGT,bps,AGGAGA
TTTAAGAAGGAGATATACTT,bps,AGGAGA
TTTAAGAAGGAGATATACAC,bps,AGGAGA
TTTAAGAAGGAGATATACAG,bps,AGGAGA
TTTAAGAAGGAGATATACAA,bps,AGGAGA
TTTAAGAGTTGACTATACAT,uni random,GTTGAC
TTTAAGATACCTGTATACAT,uni random,TACCTG
TTTAAGAGAAGCGTATACAT,uni random,GAAGCG
TTTAAGAGTATGCTATACAT,uni random,GTATGC
TTTAAGATCACTTTATACAT,uni random,TCACTT
TTTAAGAGAAGCCTATACAT,uni random,GAAGCC
TTTAAGAATAGAATATACAT,uni random,ATAGAA
TTTAAGATCTGACTATACAT,uni random,TCTGAC
TTTAAGATAAGTATATACAT,uni random,TAAGTA
TTTAAGAGATAAATATACAT,uni random,GATAAA
TTTAAGAGGTCAATATACAT,uni random,GGTCAA
TTTAAGACGATCCTATACAT,uni random,CGATCC
TTTAAGAACAGACTATACAT,uni random,ACAGAC
TTTAAGAGTTATATATACAT,uni random,GTTATA
TTTAAGAGGAACATATACAT,uni random,GGAACA
TTTAAGACCCGAATATACAT,uni random,CCCGAA
TTTAAGAAATGTCTATACAT,uni random,AATGTC
TTTAAGACGTACCTATACAT,uni random,CGTACC
TTTAAGAACCGTGTATACAT,uni random,ACCGTG
TTTAAGAGGACACTATACAT,uni random,GGACAC
TTTAAGAATCCCATATACAT,uni random,ATCCCA
TTTAAGAGAGCGATATACAT,uni random,GAGCGA
TTTAAGAATATGCTATACAT,uni random,ATATGC
TTTAAGACAACATTATACAT,uni random,CAACAT
TTTAAGAGCTACATATACAT,uni random,GCTACA
TTTAAGAGAAGACTATACAT,uni random,GAAGAC
TTTAAGACTCCGTTATACAT,uni random,CTCCGT
TTTAAGATTACTATATACAT,uni random,TTACTA
TTTAAGACGAGACTATACAT,uni random,CGAGAC
TTTAAGATAAAAGTATACAT,uni random,TAAAAG
TTTAAGAGAAAGATATACAT,ppm,GAAAGA
TTTAAGACGGGGGTATACAT,ppm,CGGGGG
TTTAAGATGAGGGTATACAT,ppm,TGAGGG
TTTAAGACCGGGATATACAT,ppm,CCGGGA
TTTAAGAAAGGGTTATACAT,ppm,AAGGGT
TTTAAGACTGTAGTATACAT,ppm,CTGTAG
TTTAAGACTGACATATACAT,ppm,CTGACA
TTTAAGACGTGTGTATACAT,ppm,CGTGTG
TTTAAGAGAGGGGTATACAT,ppm,GAGGGG
TTTAAGACTAGGATATACAT,ppm,CTAGGA
TTTAAGAATTGGGTATACAT,ppm,ATTGGG
TTTAAGATACTGATATACAT,ppm,TACTGA
TTTAAGAAGAGCGTATACAT,ppm,AGAGCG
TTTAAGAAGGGGTTATACAT,ppm,AGGGGT
TTTAAGACTGGGGTATACAT,ppm,CTGGGG
TTTAAGACAAGCCTATACAT,ppm,CAAGCC
TTTAAGACAATTGTATACAT,ppm,CAATTG
TTTAAGATATTTTTATACAT,ppm,TATTTT
TTTAAGATCCGGCTATACAT,ppm,TCCGGC
TTTAAGATGGGAGTATACAT,ppm,TGGGAG
TTTAAGAAAAGTGTATACAT,ppm,AAAGTG
TTTAAGACGGGAGTATACAT,ppm,CGGGAG
TTTAAGATAAGAGTATACAT,ppm,TAAGAG
TTTAAGATAAGGGTATACAT,ppm,TAAGGG
TTTAAGATAGTCTTATACAT,ppm,TAGTCT
TTTAAGAAAGTAGTATACAT,ppm,AAGTAG
TTTAAGACTGGGGTATACAT,ppm,CTGGGG
TTTAAGACCACGCTATACAT,ppm,CCACGC
TTTAAGAGTAATGTATACAT,ppm,GTAATG
TTTAAGACATTGATATACAT,ppm,CATTGA
TTTAAGACGGATTTATACAT,bandit,CGGATT
TTTAAGATTCGGATATACAT,bandit,TTCGGA
TTTAAGACTCGGATATACAT,bandit,CTCGGA
TTTAAGAACCGGATATACAT,bandit,ACCGGA
TTTAAGAGCCGGATATACAT,bandit,GCCGGA
TTTAAGAATCGGATATACAT,bandit,ATCGGA
TTTAAGACCGGATTATACAT,bandit,CCGGAT
TTTAAGATAAAGATATACAT,bandit,TAAAGA
TTTAAGACGATAATATACAT,bandit,CGATAA
TTTAAGAACACACTATACAT,bandit,ACACAC
TTTAAGATATATATATACAT,bandit,TATATA
TTTAAGACTCTCTTATACAT,bandit,CTCTCT
TTTAAGAGTGTGTTATACAT,bandit,GTGTGT
TTTAAGAATATATTATACAT,bandit,ATATAT
TTTAAGATGTGTGTATACAT,bandit,TGTGTG
TTTAAGATCTCTCTATACAT,bandit,TCTCTC
TTTAAGACACACATATACAT,bandit,CACACA
TTTAAGACTAAGATATACAT,bandit,CTAAGA
TTTAAGAATAAGATATACAT,bandit,ATAAGA
TTTAAGATAAGATTATACAT,bandit,TAAGAT
TTTAAGATTAAGATATACAT,bandit,TTAAGA
TTTAAGAGGTCGATATACAT,bandit,GGTCGA
TTTAAGAGGTAGATATACAT,bandit,GGTAGA
TTTAAGAGGAAGATATACAT,bandit,GGAAGA
TTTAAGAGGGGGATATACAT,bandit,GGGGGA
TTTAAGAGGGGATTATACAT,bandit,GGGGAT
TTTAAGAGGGATCTATACAT,bandit,GGGATC
TTTAAGAGGGATTTATACAT,bandit,GGGATT
TTTAAGAGGGATGTATACAT,bandit,GGGATG
TTTAAGAGGGATATATACAT,bandit,GGGATA
TTTAAGAGGATCTTATACAT,bandit,GGATCT
TTTAAGAGGATTTTATACAT,bandit,GGATTT
TTTAAGAGGATAGTATACAT,bandit,GGATAG
TTTAAGAGGATTATATACAT,bandit,GGATTA
TTTAAGAGGATATTATACAT,bandit,GGATAT
TTTAAGAGGATACTATACAT,bandit,GGATAC
TTTAAGAGGATGCTATACAT,bandit,GGATGC
TTTAAGAGGATGTTATACAT,bandit,GGATGT
TTTAAGAGGATTCTATACAT,bandit,GGATTC
TTTAAGAGGATCGTATACAT,bandit,GGATCG
TTTAAGAGGATTGTATACAT,bandit,GGATTG
TTTAAGAGGATCCTATACAT,bandit,GGATCC
TTTAAGAGGATGATATACAT,bandit,GGATGA
TTTAAGAGGATCATATACAT,bandit,GGATCA
TTTAAGACCCCGATATACAT,bandit,CCCCGA
TTTAAGATTTTTGTATACAT,bandit,TTTTTG
TTTAAGATTTTTATATACAT,bandit,TTTTTA
TTTAAGAGTTTTTTATACAT,bandit,GTTTTT
TTTAAGACTTTTTTATACAT,bandit,CTTTTT
TTTAAGACCCCCTTATACAT,bandit,CCCCCT
TTTAAGACCCCCGTATACAT,bandit,CCCCCG
TTTAAGACCCCCATATACAT,bandit,CCCCCA
TTTAAGATTTTTCTATACAT,bandit,TTTTTC
TTTAAGAGCCCCCTATACAT,bandit,GCCCCC
TTTAAGAATTTTTTATACAT,bandit,ATTTTT
TTTAAGAACCCCCTATACAT,bandit,ACCCCC
TTTAAGATCCCCCTATACAT,bandit,TCCCCC
TTTAAGAGGATAATATACAT,bandit,GGATAA
TTTAAGACCCCCCTATACAT,bandit,CCCCCC
TTTAAGATTTTTTTATACAT,bandit,TTTTTT
