Name,1by1
RBS_1by1_0,tttaagaaggagatatacat
RBS_1by1_1,cttaagaaggagatatacat
RBS_1by1_2,gttaagaaggagatatacat
RBS_1by1_3,attaagaaggagatatacat
RBS_1by1_4,tctaagaaggagatatacat
RBS_1by1_5,tgtaagaaggagatatacat
RBS_1by1_6,tataagaaggagatatacat
RBS_1by1_7,ttcaagaaggagatatacat
RBS_1by1_8,ttgaagaaggagatatacat
RBS_1by1_9,ttaaagaaggagatatacat
RBS_1by1_10,tttcagaaggagatatacat
RBS_1by1_11,tttgagaaggagatatacat
RBS_1by1_12,ttttagaaggagatatacat
RBS_1by1_13,tttacgaaggagatatacat
RBS_1by1_14,tttaggaaggagatatacat
RBS_1by1_15,tttatgaaggagatatacat
RBS_1by1_16,tttaacaaggagatatacat
RBS_1by1_17,tttaaaaaggagatatacat
RBS_1by1_18,tttaataaggagatatacat
RBS_1by1_19,tttaagcaggagatatacat
RBS_1by1_20,tttaaggaggagatatacat
RBS_1by1_21,tttaagtaggagatatacat
RBS_1by1_22,tttaagacggagatatacat
RBS_1by1_23,tttaagagggagatatacat
RBS_1by1_24,tttaagatggagatatacat
RBS_1by1_25,tttaagaacgagatatacat
RBS_1by1_26,tttaagaaagagatatacat
RBS_1by1_27,tttaagaatgagatatacat
RBS_1by1_28,tttaagaagcagatatacat
RBS_1by1_29,tttaagaagaagatatacat
RBS_1by1_30,tttaagaagtagatatacat
RBS_1by1_31,tttaagaaggcgatatacat
RBS_1by1_32,tttaagaaggggatatacat
RBS_1by1_33,tttaagaaggtgatatacat
RBS_1by1_34,tttaagaaggacatatacat
RBS_1by1_35,tttaagaaggaaatatacat
RBS_1by1_36,tttaagaaggatatatacat
RBS_1by1_37,tttaagaaggagctatacat
RBS_1by1_38,tttaagaaggaggtatacat
RBS_1by1_39,tttaagaaggagttatacat
RBS_1by1_40,tttaagaaggagacatacat
RBS_1by1_41,tttaagaaggagagatacat
RBS_1by1_42,tttaagaaggagaaatacat
RBS_1by1_43,tttaagaaggagatctacat
RBS_1by1_44,tttaagaaggagatgtacat
RBS_1by1_45,tttaagaaggagatttacat
RBS_1by1_46,tttaagaaggagatacacat
RBS_1by1_47,tttaagaaggagatagacat
RBS_1by1_48,tttaagaaggagataaacat
RBS_1by1_49,tttaagaaggagatatccat
RBS_1by1_50,tttaagaaggagatatgcat
RBS_1by1_51,tttaagaaggagatattcat
RBS_1by1_52,tttaagaaggagatataaat
RBS_1by1_53,tttaagaaggagatatagat
RBS_1by1_54,tttaagaaggagatatatat
RBS_1by1_55,tttaagaaggagatatacct
RBS_1by1_56,tttaagaaggagatatacgt
RBS_1by1_57,tttaagaaggagatatactt
RBS_1by1_58,tttaagaaggagatatacac
RBS_1by1_59,tttaagaaggagatatacag
RBS_1by1_60,tttaagaaggagatatacaa